{
  "SelectFlight" : {
    "transaction" : "SelectFlight",
    "sampleCount" : 7468,
    "errorCount" : 1,
    "errorPct" : 0.013390466,
    "meanResTime" : 340.6904124263527,
    "medianResTime" : 308.0,
    "minResTime" : 160.0,
    "maxResTime" : 1670.0,
    "pct1ResTime" : 466.0,
    "pct2ResTime" : 522.0,
    "pct3ResTime" : 652.3099999999995,
    "throughput" : 62.78162620216558,
    "receivedKBytesPerSec" : 411.6461251833723,
    "sentKBytesPerSec" : 15.8180269142175
  },
  "Reservation" : {
    "transaction" : "Reservation",
    "sampleCount" : 7549,
    "errorCount" : 1,
    "errorPct" : 0.013246788,
    "meanResTime" : 341.5558352099623,
    "medianResTime" : 312.0,
    "minResTime" : 162.0,
    "maxResTime" : 1708.0,
    "pct1ResTime" : 460.0,
    "pct2ResTime" : 516.0,
    "pct3ResTime" : 631.5,
    "throughput" : 63.292837320052655,
    "receivedKBytesPerSec" : 456.15889314041135,
    "sentKBytesPerSec" : 15.205115215559523
  },
  "HomePage" : {
    "transaction" : "HomePage",
    "sampleCount" : 7631,
    "errorCount" : 0,
    "errorPct" : 0.0,
    "meanResTime" : 339.52745380684064,
    "medianResTime" : 302.0,
    "minResTime" : 226.0,
    "maxResTime" : 1722.0,
    "pct1ResTime" : 467.0,
    "pct2ResTime" : 533.0,
    "pct3ResTime" : 736.3600000000006,
    "throughput" : 63.38355732013223,
    "receivedKBytesPerSec" : 294.45085478460305,
    "sentKBytesPerSec" : 7.1801686026712295
  },
  "02_Search_Flights" : {
    "transaction" : "02_Search_Flights",
    "sampleCount" : 7609,
    "errorCount" : 1,
    "errorPct" : 0.0131423315,
    "meanResTime" : 341.0068340123543,
    "medianResTime" : 311.0,
    "minResTime" : 0.0,
    "maxResTime" : 1708.0,
    "pct1ResTime" : 461.0,
    "pct2ResTime" : 520.0,
    "pct3ResTime" : 657.8999999999996,
    "throughput" : 63.79535850828359,
    "receivedKBytesPerSec" : 456.155068614176,
    "sentKBytesPerSec" : 15.204987732871084
  },
  "Total" : {
    "transaction" : "Total",
    "sampleCount" : 30351,
    "errorCount" : 2,
    "errorPct" : 0.0065895687,
    "meanResTime" : 339.9434615004435,
    "medianResTime" : 306.0,
    "minResTime" : 0.0,
    "maxResTime" : 1722.0,
    "pct1ResTime" : 459.0,
    "pct2ResTime" : 514.0,
    "pct3ResTime" : 651.0,
    "throughput" : 252.0972805953785,
    "receivedKBytesPerSec" : 1504.062807908305,
    "sentKBytesPerSec" : 55.36914052766333
  },
  "FinishPurchase" : {
    "transaction" : "FinishPurchase",
    "sampleCount" : 7403,
    "errorCount" : 0,
    "errorPct" : 0.0,
    "meanResTime" : 339.5722004592726,
    "medianResTime" : 308.0,
    "minResTime" : 230.0,
    "maxResTime" : 1678.0,
    "pct1ResTime" : 465.0,
    "pct2ResTime" : 516.0,
    "pct3ResTime" : 637.9200000000001,
    "throughput" : 62.329505270602496,
    "receivedKBytesPerSec" : 351.82225450863837,
    "sentKBytesPerSec" : 17.591042014847776
  },
  "01_Home" : {
    "transaction" : "01_Home",
    "sampleCount" : 7683,
    "errorCount" : 0,
    "errorPct" : 0.0,
    "meanResTime" : 339.5657946114797,
    "medianResTime" : 302.0,
    "minResTime" : 0.0,
    "maxResTime" : 1722.0,
    "pct1ResTime" : 469.0,
    "pct2ResTime" : 539.0,
    "pct3ResTime" : 844.3199999999997,
    "throughput" : 63.694848369285864,
    "receivedKBytesPerSec" : 293.8942830572988,
    "sentKBytesPerSec" : 7.166596630382517
  },
  "04_Confirm_Purchase" : {
    "transaction" : "04_Confirm_Purchase",
    "sampleCount" : 7451,
    "errorCount" : 0,
    "errorPct" : 0.0,
    "meanResTime" : 339.5748221715201,
    "medianResTime" : 308.0,
    "minResTime" : 0.0,
    "maxResTime" : 1678.0,
    "pct1ResTime" : 467.0,
    "pct2ResTime" : 519.0,
    "pct3ResTime" : 664.9599999999991,
    "throughput" : 62.73311274447896,
    "receivedKBytesPerSec" : 351.81929236863596,
    "sentKBytesPerSec" : 17.590893908442997
  },
  "03_Select_Flight" : {
    "transaction" : "03_Select_Flight",
    "sampleCount" : 7529,
    "errorCount" : 1,
    "errorPct" : 0.013281977,
    "meanResTime" : 339.7819099482006,
    "medianResTime" : 307.0,
    "minResTime" : 0.0,
    "maxResTime" : 1670.0,
    "pct1ResTime" : 467.0,
    "pct2ResTime" : 526.0,
    "pct3ResTime" : 676.7999999999993,
    "throughput" : 63.293905996486004,
    "receivedKBytesPerSec" : 411.6426646054534,
    "sentKBytesPerSec" : 15.817893937101207
  }
}